Workbook

Sheet Old Meas. without Drift Comp
A1: Tint (ms) | B1: Date | C1: Run | D1: Npoints | E1: Ratio File ? | F1: Runs to delete | G1: Offset comp. ? | H1: Offset | I1: O min | J1: O max | K1: Amplitude | L1: A min | M1: A max | N1: Offset Noise | O1: sigma_O min | P1: sigma_O max | Q1: SNR | R1: SNR min | S1: SNR max | T1: Sensitivity (g) | U1: S min (g) | V1: S max (g)
A2: 5 | B2: 44229 | C2: 2 | D2: 200 | E2: yes | F2: 1 | G2: no | H2: 0.3974 | I2: 0.3945 | J2: 0.4002 | K2: 0.0833 | L2: 0.0794 | M2: 0.0872 | N2: 0.0065 | O2: 0.0031 | P2: 0.0099 | Q2: 12.7714 | R2: 7.9875 | S2: 28.08 | T2: =1/(Constants!$B$2*Constants!$B$4*((A2/1000)^2)*Q2) -> 1.9823738e-05 | U2: =1/(Constants!$B$2*Constants!$B$4*((A2/1000)^2)*S2) -> 9.0162709e-06 | V2: =1/(Constants!$B$2*Constants!$B$4*((A2/1000)^2)*R2) -> 3.1696637e-05
A3: 10 | B3: 44231 | C3: 12 | D3: 300 | E3: yes | F3: 1 | G3: no | H3: 0.4401 | I3: 0.4391 | J3: 0.4411 | K3: 0.075 | L3: 0.0736 | M3: 0.0764 | N3: 0.0024 | O3: 0.0016 | P3: 0.0031 | Q3: 31.8 | R3: 23.4 | S3: 48.6 | T3: =1/(Constants!$B$2*Constants!$B$4*((A3/1000)^2)*Q3) -> 1.9903843e-06 | U3: =1/(Constants!$B$2*Constants!$B$4*((A3/1000)^2)*S3) -> 1.3023502e-06 | V3: =1/(Constants!$B$2*Constants!$B$4*((A3/1000)^2)*R3) -> 2.7048813e-06
A4: 15 | B4: 44232 | C4: 8 | D4: 265 | E4: no | F4: 1, 265 | G4: no | H4: 0.443 | I4: 0.4416 | J4: 0.4445 | K4: 0.0595 | L4: 0.0576 | M4: 0.0615 | N4: 0.0032 | O4: 0.0017 | P4: 0.0048 | Q4: 18.36 | R4: 12.1091 | S4: 35.55 | T4: =1/(Constants!$B$2*Constants!$B$4*((A4/1000)^2)*Q4) -> 1.5321768e-06 | U4: =1/(Constants!$B$2*Constants!$B$4*((A4/1000)^2)*S4) -> 7.9130141e-07 | V4: =1/(Constants!$B$2*Constants!$B$4*((A4/1000)^2)*R4) -> 2.3231095e-06
A5: 20 | B5: 44229 | C5: 4 | D5: 350 | E5: yes | F5: 1 | G5: no | H5: 0.4279 | I5: 0.4267 | J5: 0.4291 | K5: 0.033 | L5: 0.0318 | M5: 0.0341 | N5: 0.0032 | O5: 0.0023 | P5: 0.0042 | Q5: 10.152 | R5: 7.65 | S5: 14.6 | T5: =1/(Constants!$B$2*Constants!$B$4*((A5/1000)^2)*Q5) -> 1.5586638e-06 | U5: =1/(Constants!$B$2*Constants!$B$4*((A5/1000)^2)*S5) -> 1.0838052e-06 | V5: =1/(Constants!$B$2*Constants!$B$4*((A5/1000)^2)*R5) -> 2.0684386e-06
A6: 25 | B6: 44230 | C6: 1 | D6: 320 | E6: yes | F6: 1 | G6: no | H6: 0.449 | I6: 0.4478 | J6: 0.4503 | K6: 0.0198 | L6: 0.0181 | M6: 0.0215 | N6: 0.0062 | O6: 0.0048 | P6: 0.0075 | Q6: 3.2034 | R6: 2.4 | S6: 4.4609 | T6: =1/(Constants!$B$2*Constants!$B$4*((A6/1000)^2)*Q6) -> 3.1613521e-06 | U6: =1/(Constants!$B$2*Constants!$B$4*((A6/1000)^2)*S6) -> 2.2701866e-06 | V6: =1/(Constants!$B$2*Constants!$B$4*((A6/1000)^2)*R6) -> 4.2196148e-06
A7: 30 | B7: 44229 | C7: 6 | D7: 350 | E7: yes | F7: 1 | G7: no | H7: 0.4453 | I7: 0.4441 | J7: 0.4465 | K7: 0.083 | L7: 0.0814 | M7: 0.0846 | N7: 0.0021 | O7: 0.0018 | P7: 0.0035 | Q7: 40.3714 | R7: 23.1 | S7: 48 | T7: =1/(Constants!$B$2*Constants!$B$4*((A7/1000)^2)*Q7) -> 1.7419984e-07 | U7: =1/(Constants!$B$2*Constants!$B$4*((A7/1000)^2)*S7) -> 1.465144e-07 | V7: =1/(Constants!$B$2*Constants!$B$4*((A7/1000)^2)*R7) -> 3.0444551e-07
A8: 35 | B8: 44235 | C8: 1 | D8: 200 | E8: yes | F8: 1 | G8: no | H8: 0.4581 | I8: 0.456 | J8: 0.4602 | K8: 0.0874 | L8: 0.0847 | M8: 0.0902 | N8: 0.0034 | O8: 0.0012 | P8: 0.0056 | Q8: 25.6909 | R8: 15.2 | S8: 72.9 | T8: =1/(Constants!$B$2*Constants!$B$4*((A8/1000)^2)*Q8) -> 2.0111694e-07 | U8: =1/(Constants!$B$2*Constants!$B$4*((A8/1000)^2)*S8) -> 7.0876203e-08 | V8: =1/(Constants!$B$2*Constants!$B$4*((A8/1000)^2)*R8) -> 3.39926e-07
A9: 40 | B9: 44237 | C9: 1 | D9: 300 | E9: yes | F9: 1 | G9: no | H9: 0.4767 | I9: 0.4747 | J9: 0.4786 | K9: 0.0765 | L9: 0.0739 | M9: 0.0791 | N9: 0.0049 | O9: 0.004 | P9: 0.0069 | Q9: 15.5647 | R9: 10.65 | S9: 19.5429 | T9: =1/(Constants!$B$2*Constants!$B$4*((A9/1000)^2)*Q9) -> 2.5415773e-07 | U9: =1/(Constants!$B$2*Constants!$B$4*((A9/1000)^2)*S9) -> 2.0242077e-07 | V9: =1/(Constants!$B$2*Constants!$B$4*((A9/1000)^2)*R9) -> 3.7144496e-07
A10: 45 | B10: 44235 | C10: 2 | D10: 300 | E10: no | F10: 1 | G10: no | H10: 0.4638 | I10: 0.4617 | J10: 0.466 | K10: 0.0907 | L10: 0.0878 | M10: 0.0936 | N10: 0.0042 | O10: 0.0019 | P10: 0.0064 | Q10: 21.7385 | R10: 13.68 | S10: 48.6 | T10: =1/(Constants!$B$2*Constants!$B$4*((A10/1000)^2)*Q10) -> 1.4378364e-07 | U10: =1/(Constants!$B$2*Constants!$B$4*((A10/1000)^2)*S10) -> 6.4313592e-08 | V10: =1/(Constants!$B$2*Constants!$B$4*((A10/1000)^2)*R10) -> 2.284825e-07
A11: 50 | B11: 44235 | C11: 4 | D11: 300 | E11: yes | F11: 1 | G11: no | H11: 0.4712 | I11: 0.4697 | J11: 0.4727 | K11: 0.0619 | L11: 0.0607 | M11: 0.0648 | N11: 0.0034 | O11: 0.0018 | P11: 0.005 | Q11: 18.12 | R11: 12.1091 | S11: 35.55 | T11: =1/(Constants!$B$2*Constants!$B$4*((A11/1000)^2)*Q11) -> 1.3972234e-07 | U11: =1/(Constants!$B$2*Constants!$B$4*((A11/1000)^2)*S11) -> 7.1217127e-08 | V11: =1/(Constants!$B$2*Constants!$B$4*((A11/1000)^2)*R11) -> 2.0907985e-07
A12: 55 | B12: 44235 | C12: 6 | D12: 150 | E12: yes | F12: 1 | G12: no | H12: 0.4897 | I12: 0.4864 | J12: 0.4929 | K12: 0.0584 | L12: 0.0556 | M12: 0.0628 | N12: 0.0064 | O12: 0.0022 | P12: 0.0088 | Q12: 9.1241 | R12: 6.3 | S12: 28.44 | T12: =1/(Constants!$B$2*Constants!$B$4*((A12/1000)^2)*Q12) -> 2.2932355e-07 | U12: =1/(Constants!$B$2*Constants!$B$4*((A12/1000)^2)*S12) -> 7.3571412e-08 | V12: =1/(Constants!$B$2*Constants!$B$4*((A12/1000)^2)*R12) -> 3.3212237e-07
A13: 60 | B13: 44235 | C13: 7 | D13: 300 | E13: yes | F13: 1 | G13: no | H13: 0.4976 | I13: 0.4957 | J13: 0.4995 | K13: 0.0686 | L13: 0.066 | M13: 0.0711 | N13: 0.0072 | O13: 0.0052 | P13: 0.0092 | Q13: 9.576 | R13: 7.2 | S13: 13.8 | T13: =1/(Constants!$B$2*Constants!$B$4*((A13/1000)^2)*Q13) -> 1.8360201e-07 | U13: =1/(Constants!$B$2*Constants!$B$4*((A13/1000)^2)*S13) -> 1.2740383e-07 | V13: =1/(Constants!$B$2*Constants!$B$4*((A13/1000)^2)*R13) -> 2.4419067e-07
A14: 65 | B14: 44236 | C14: 1 | D14: 332 | E14: yes | F14: 1 | G14: no | H14: 0.5062 | I14: 0.5037 | J14: 0.5086 | K14: 0.0432 | L14: 0.0406 | M14: 0.0458 | N14: 0.0088 | O14: 0.0066 | P14: 0.0111 | Q14: 4.8977 | R14: 3.6667 | S14: 6.975 | T14: =1/(Constants!$B$2*Constants!$B$4*((A14/1000)^2)*Q14) -> 3.0587584e-07 | U14: =1/(Constants!$B$2*Constants!$B$4*((A14/1000)^2)*S14) -> 2.1477965e-07 | V14: =1/(Constants!$B$2*Constants!$B$4*((A14/1000)^2)*R14) -> 4.0856576e-07
A15: 70 | B15: 44236 | C15: 2 | D15: 300 | E15: yes | F15: 1 | G15: no | H15: 0.4994 | I15: 0.4975 | J15: 0.5013 | K15: 0.0763 | L15: 0.0737 | M15: 0.0789 | N15: 0.0061 | O15: 0.0029 | P15: 0.0081 | Q15: 12.6 | R15: 9.1286 | S15: 27.36 | T15: =1/(Constants!$B$2*Constants!$B$4*((A15/1000)^2)*Q15) -> 1.0251737e-07 | U15: =1/(Constants!$B$2*Constants!$B$4*((A15/1000)^2)*S15) -> 4.7211945e-08 | V15: =1/(Constants!$B$2*Constants!$B$4*((A15/1000)^2)*R15) -> 1.415024e-07
A16: 75 | B16: 44236 | C16: 3 | D16: 300 | E16: yes | F16: 1 | G16: no | H16: 0.4978 | I16: 0.4948 | J16: 0.5009 | K16: 0.049 | L16: 0.0449 | M16: 0.0531 | N16: 0.013 | O16: 0.0102 | P16: 0.0158 | Q16: 3.7765 | R16: 2.8452 | S16: 5.22 | T16: =1/(Constants!$B$2*Constants!$B$4*((A16/1000)^2)*Q16) -> 2.9795594e-07 | U16: =1/(Constants!$B$2*Constants!$B$4*((A16/1000)^2)*S16) -> 2.1556142e-07 | V16: =1/(Constants!$B$2*Constants!$B$4*((A16/1000)^2)*R16) -> 3.9548383e-07
... A21: 100 | B21: 44237 | C21: 5 | D21: 300 | E21: yes | F21: 1 | G21: no | H21: 0.5348 | I21: 0.532 | J21: 0.5376 | K21: 0.0667 | L21: 0.0629 | M21: 0.0704 | N21: 0.0092 | O21: 0.0065 | P21: 0.0119 | Q21: 7.2581 | R21: 5.31 | S21: 10.8 | T21: =1/(Constants!$B$2*Constants!$B$4*((A21/1000)^2)*Q21) -> 8.7204946e-08 | U21: =1/(Constants!$B$2*Constants!$B$4*((A21/1000)^2)*S21) -> 5.8605761e-08 | V21: =1/(Constants!$B$2*Constants!$B$4*((A21/1000)^2)*R21) -> 1.1919816e-07

Sheet Old Meas. with Drift Comp
A1: Tint (ms) | B1: Date | C1: Run | D1: Npoints | E1: Ratio File ? | F1: Runs to delete | G1: Offset comp. ? | H1: Offset | I1: O min | J1: O max | K1: Amplitude | L1: A min | M1: A max | N1: Offset Noise | O1: sigma_O min | P1: sigma_O max | Q1: SNR | R1: SNR min | S1: SNR max | T1: Sensitivity (g) | U1: S min (g) | V1: S max (g)
A2: 5 | B2: 44229 | C2: 2 | D2: 200 | E2: yes | F2: 1 | G2: no | H2: 0.3894 | I2: 0.3874 | J2: 0.3931 | K2: 0.0852 | L2: 0.0813 | M2: 0.089 | N2: 0.0052 | O2: 0.0012 | P2: 0.0079 | Q2: 16.4118 | R2: 10.2462 | S2: 72.9 | T2: =1/(Constants!$B$2*Constants!$B$4*((A2/1000)^2)*Q2) -> 1.5426515e-05 | U2: =1/(Constants!$B$2*Constants!$B$4*((A2/1000)^2)*S2) -> 3.472934e-06 | V2: =1/(Constants!$B$2*Constants!$B$4*((A2/1000)^2)*R2) -> 2.4709345e-05
A3: 10 | B3: 44231 | C3: 12 | D3: 300 | E3: yes | F3: 1 | G3: no | H3: 0.439 | I3: 0.438 | J3: 0.4401 | K3: 0.0752 | L3: 0.0737 | M3: 0.0766 | N3: 0.0029 | O3: 0.0011 | P3: 0.0037 | Q3: 25.6909 | R3: 19.8 | S3: 72 | T3: =1/(Constants!$B$2*Constants!$B$4*((A3/1000)^2)*Q3) -> 2.4636825e-06 | U3: =1/(Constants!$B$2*Constants!$B$4*((A3/1000)^2)*S3) -> 8.7908641e-07 | V3: =1/(Constants!$B$2*Constants!$B$4*((A3/1000)^2)*R3) -> 3.1966779e-06
A4: 15 | B4: 44232 | C4: 8 | D4: 265 | E4: no | F4: 1, 265 | G4: no | H4: 0.4396 | I4: 0.4382 | J4: 0.441 | K4: 0.0601 | L4: 0.0582 | M4: 0.0621 | N4: 0.0032 | O4: 0.0013 | P4: 0.0043 | Q4: 18.6 | R4: 13.5 | S4: 48 | T4: =1/(Constants!$B$2*Constants!$B$4*((A4/1000)^2)*Q4) -> 1.5124067e-06 | U4: =1/(Constants!$B$2*Constants!$B$4*((A4/1000)^2)*S4) -> 5.8605761e-07 | V4: =1/(Constants!$B$2*Constants!$B$4*((A4/1000)^2)*R4) -> 2.0837604e-06
A5: 20 | B5: 44229 | C5: 4 | D5: 350 | E5: yes | F5: 1 | G5: no | H5: 0.4261 | I5: 0.4253 | J5: 0.427 | K5: 0.0328 | L5: 0.0316 | M5: 0.0339 | N5: 0.0034 | O5: 0.002 | P5: 0.0043 | Q5: 9.5333 | R5: 7.3059 | S5: 16.65 | T5: =1/(Constants!$B$2*Constants!$B$4*((A5/1000)^2)*Q5) -> 1.6598193e-06 | U5: =1/(Constants!$B$2*Constants!$B$4*((A5/1000)^2)*S5) -> 9.5036369e-07 | V5: =1/(Constants!$B$2*Constants!$B$4*((A5/1000)^2)*R5) -> 2.1658598e-06
A6: 25 | B6: 44230 | C6: 1 | D6: 320 | E6: yes | F6: 1 | G6: no | H6: 0.4495 | I6: 0.4483 | J6: 0.4508 | K6: 0.0199 | L6: 0.0182 | M6: 0.0215 | N6: 0.0057 | O6: 0.0043 | P6: 0.007 | Q6: 3.5018 | R6: 2.5941 | S6: 4.9714 | T6: =1/(Constants!$B$2*Constants!$B$4*((A6/1000)^2)*Q6) -> 2.8919628e-06 | U6: =1/(Constants!$B$2*Constants!$B$4*((A6/1000)^2)*S6) -> 2.0370671e-06 | V6: =1/(Constants!$B$2*Constants!$B$4*((A6/1000)^2)*R6) -> 3.9038878e-06
A7: 30 | B7: 44229 | C7: 6 | D7: 350 | E7: yes | F7: 1 | G7: no | H7: 0.4426 | I7: 0.4414 | J7: 0.4438 | K7: 0.0834 | L7: 0.0817 | M7: 0.085 | N7: 0.0033 | O7: 0.0012 | P7: 0.0042 | Q7: 25.0364 | R7: 19.2857 | S7: 70.2 | T7: =1/(Constants!$B$2*Constants!$B$4*((A7/1000)^2)*Q7) -> 2.8089866e-07 | U7: =1/(Constants!$B$2*Constants!$B$4*((A7/1000)^2)*S7) -> 1.0018079e-07 | V7: =1/(Constants!$B$2*Constants!$B$4*((A7/1000)^2)*R7) -> 3.6465834e-07
A8: 35 | B8: 44235 | C8: 1 | D8: 200 | E8: yes | F8: 1 | G8: no | H8: 0.4558 | I8: 0.4538 | J8: 0.4579 | K8: 0.0884 | L8: 0.0856 | M8: 0.0911 | N8: 0.0027 | O8: 0 | P8: 0.0049 | Q8: 32.2 | R8: 17.55 | S8: INF | T8: =1/(Constants!$B$2*Constants!$B$4*((A8/1000)^2)*Q8) -> 1.6046196e-07 | U8: =1/(Constants!$B$2*Constants!$B$4*((A8/1000)^2)*S8) -> #VALUE! | V8: =1/(Constants!$B$2*Constants!$B$4*((A8/1000)^2)*R8) -> 2.9440885e-07
A9: 40 | B9: 44237 | C9: 1 | D9: 300 | E9: yes | F9: 1 | G9: no | H9: 0.4736 | I9: 0.4725 | J9: 0.4747 | K9: 0.0772 | L9: 0.0757 | M9: 0.0787 | N9: 0.003 | O9: 0.0016 | P9: 0.0044 | Q9: 25.6909 | R9: 17.325 | S9: 48 | T9: =1/(Constants!$B$2*Constants!$B$4*((A9/1000)^2)*Q9) -> 1.5398016e-07 | U9: =1/(Constants!$B$2*Constants!$B$4*((A9/1000)^2)*S9) -> 8.2414351e-08 | V9: =1/(Constants!$B$2*Constants!$B$4*((A9/1000)^2)*R9) -> 2.2833413e-07
A10: 45 | B10: 44235 | C10: 2 | D10: 300 | E10: no | F10: 1 | G10: no | H10: 0.4589 | I10: 0.4567 | J10: 0.461 | K10: 0.0892 | L10: 0.0863 | M10: 0.0921 | N10: 0.0049 | O10: 0.0026 | P10: 0.0071 | Q10: 18.36 | R10: 12.1091 | S10: 35.55 | T10: =1/(Constants!$B$2*Constants!$B$4*((A10/1000)^2)*Q10) -> 1.7024186e-07 | U10: =1/(Constants!$B$2*Constants!$B$4*((A10/1000)^2)*S10) -> 8.7922379e-08 | V10: =1/(Constants!$B$2*Constants!$B$4*((A10/1000)^2)*R10) -> 2.5812328e-07
A11: 50 | B11: 44235 | C11: 4 | D11: 300 | E11: yes | F11: 1 | G11: no | H11: 0.4754 | I11: 0.4745 | J11: 0.4775 | K11: 0.0614 | L11: 0.0594 | M11: 0.0635 | N11: 0.0034 | O11: 0.0023 | P11: 0.0046 | Q11: 17.88 | R11: 12.96 | S11: 27.72 | T11: =1/(Constants!$B$2*Constants!$B$4*((A11/1000)^2)*Q11) -> 1.4159781e-07 | U11: =1/(Constants!$B$2*Constants!$B$4*((A11/1000)^2)*S11) -> 9.1333653e-08 | V11: =1/(Constants!$B$2*Constants!$B$4*((A11/1000)^2)*R11) -> 1.9535254e-07
A12: 55 | B12: 44235 | C12: 6 | D12: 150 | E12: yes | F12: 1 | G12: no | H12: 0.4942 | I12: 0.491 | J12: 0.4974 | K12: 0.0583 | L12: 0.0548 | M12: 0.0619 | N12: 0.0064 | O12: 0.0035 | P12: 0.0093 | Q12: 9.1241 | R12: 5.9143 | S12: 17.55 | T12: =1/(Constants!$B$2*Constants!$B$4*((A12/1000)^2)*Q12) -> 2.2932355e-07 | U12: =1/(Constants!$B$2*Constants!$B$4*((A12/1000)^2)*S12) -> 1.1922342e-07 | V12: =1/(Constants!$B$2*Constants!$B$4*((A12/1000)^2)*R12) -> 3.5378168e-07
A13: 60 | B13: 44235 | C13: 7 | D13: 300 | E13: yes | F13: 1 | G13: no | H13: 0.4998 | I13: 0.498 | J13: 0.5015 | K13: 0.0682 | L13: 0.0658 | M13: 0.0706 | N13: 0.0061 | O13: 0.0042 | P13: 0.008 | Q13: 11.1913 | R13: 8.28 | S13: 16.65 | T13: =1/(Constants!$B$2*Constants!$B$4*((A13/1000)^2)*Q13) -> 1.5710175e-07 | U13: =1/(Constants!$B$2*Constants!$B$4*((A13/1000)^2)*S13) -> 1.0559597e-07 | V13: =1/(Constants!$B$2*Constants!$B$4*((A13/1000)^2)*R13) -> 2.1233971e-07
A14: 65 | B14: 44236 | C14: 1 | D14: 332 | E14: yes | F14: 1 | G14: no | H14: 0.5067 | I14: 0.5047 | J14: 0.5086 | K14: 0.0428 | L14: 0.0401 | M14: 0.0454 | N14: 0.0074 | O14: 0.005 | P14: 0.0088 | Q14: 5.8114 | R14: 4.5429 | S14: 9 | T14: =1/(Constants!$B$2*Constants!$B$4*((A14/1000)^2)*Q14) -> 2.5778437e-07 | U14: =1/(Constants!$B$2*Constants!$B$4*((A14/1000)^2)*S14) -> 1.6645423e-07 | V14: =1/(Constants!$B$2*Constants!$B$4*((A14/1000)^2)*R14) -> 3.2976471e-07
A15: 70 | B15: 44236 | C15: 2 | D15: 300 | E15: yes | F15: 1 | G15: no | H15: 0.5033 | I15: 0.5014 | J15: 0.5052 | K15: 0.0759 | L15: 0.0733 | M15: 0.0785 | N15: 0.0049 | O15: 0.0023 | P15: 0.0063 | Q15: 15.5647 | R15: 11.6182 | S15: 34.2 | T15: =1/(Constants!$B$2*Constants!$B$4*((A15/1000)^2)*Q15) -> 8.299028e-08 | U15: =1/(Constants!$B$2*Constants!$B$4*((A15/1000)^2)*S15) -> 3.7769556e-08 | V15: =1/(Constants!$B$2*Constants!$B$4*((A15/1000)^2)*R15) -> 1.1118063e-07
A16: 75 | B16: 44236 | C16: 3 | D16: 300 | E16: yes | F16: 1 | G16: no | H16: 0.4958 | I16: 0.4929 | J16: 0.4986 | K16: 0.0492 | L16: 0.0453 | M16: 0.053 | N16: 0.0131 | O16: 0.0095 | P16: 0.0157 | Q16: 3.7636 | R16: 2.8909 | S16: 5.58 | T16: =1/(Constants!$B$2*Constants!$B$4*((A16/1000)^2)*Q16) -> 2.989772e-07 | U16: =1/(Constants!$B$2*Constants!$B$4*((A16/1000)^2)*S16) -> 2.0165423e-07 | V16: =1/(Constants!$B$2*Constants!$B$4*((A16/1000)^2)*R16) -> 3.8923194e-07
A17: 80 | B17: 44236 | C17: 4 | D17: 300 | E17: yes | F17: 1 | G17: no | H17: 0.5052 | I17: 0.503 | J17: 0.5075 | K17: 0.0389 | L17: 0.0366 | M17: 0.0413 | N17: 0.0077 | O17: 0.0056 | P17: 0.0098 | Q17: 5.0488 | R17: 3.7385 | S17: 7.32 | T17: =1/(Constants!$B$2*Constants!$B$4*((A17/1000)^2)*Q17) -> 1.9588263e-07 | U17: =1/(Constants!$B$2*Constants!$B$4*((A17/1000)^2)*S17) -> 1.3510549e-07 | V17: =1/(Constants!$B$2*Constants!$B$4*((A17/1000)^2)*R17) -> 2.6453717e-07
A18: 85 | B18: 44237 | C18: 2 | D18: 300 | E18: yes | F18: 1 | G18: no | H18: 0.5114 | I18: 0.5096 | J18: 0.5132 | K18: 0.0699 | L18: 0.0674 | M18: 0.0724 | N18: 0.0063 | O18: 0.0039 | P18: 0.0088 | Q18: 11.0348 | R18: 7.65 | S18: 18.7714 | T18: =1/(Constants!$B$2*Constants!$B$4*((A18/1000)^2)*Q18) -> 7.9389258e-08 | U18: =1/(Constants!$B$2*Constants!$B$4*((A18/1000)^2)*S18) -> 4.6669113e-08 | V18: =1/(Constants!$B$2*Constants!$B$4*((A18/1000)^2)*R18) -> 1.1451563e-07
A19: 90 | B19: 44237 | C19: 3 | D19: 300 | E19: yes | F19: 1 | G19: no | H19: 0.5233 | I19: 0.5213 | J19: 0.5254 | K19: 0.0466 | L19: 0.0438 | M19: 0.0494 | N19: 0.0086 | O19: 0.0058 | P19: 0.0106 | Q19: 5.4 | R19: 4.125 | S19: 8.5846 | T19: =1/(Constants!$B$2*Constants!$B$4*((A19/1000)^2)*Q19) -> 1.4470558e-07 | U19: =1/(Constants!$B$2*Constants!$B$4*((A19/1000)^2)*S19) -> 9.1024642e-08 | V19: =1/(Constants!$B$2*Constants!$B$4*((A19/1000)^2)*R19) -> 1.8943276e-07
A20: 95 | B20: 44237 | C20: 4 | D20: 300 | E20: yes | F20: 1 | G20: no | H20: 0.5299 | I20: 0.5278 | J20: 0.5319 | K20: 0.041 | L20: 0.0383 | M20: 0.0438 | N20: 0.0089 | O20: 0.0065 | P20: 0.0113 | Q20: 4.6098 | R20: 3.3923 | S20: 6.72 | T20: =1/(Constants!$B$2*Constants!$B$4*((A20/1000)^2)*Q20) -> 1.5213697e-07 | U20: =1/(Constants!$B$2*Constants!$B$4*((A20/1000)^2)*S20) -> 1.0436325e-07 | V20: =1/(Constants!$B$2*Constants!$B$4*((A20/1000)^2)*R20) -> 2.0673909e-07
A21: 100 | B21: 44237 | C21: 5 | D21: 300 | E21: yes | F21: 1 | G21: no | H21: 0.5358 | I21: 0.5332 | J21: 0.5383 | K21: 0.0663 | L21: 0.0628 | M21: 0.0697 | N21: 0.0085 | O21: 0.0055 | P21: 0.0104 | Q21: 7.8387 | R21: 6.0632 | S21: 12.78 | T21: =1/(Constants!$B$2*Constants!$B$4*((A21/1000)^2)*Q21) -> 8.0745814e-08 | U21: =1/(Constants!$B$2*Constants!$B$4*((A21/1000)^2)*S21) -> 4.9525995e-08 | V21: =1/(Constants!$B$2*Constants!$B$4*((A21/1000)^2)*R21) -> 1.0439079e-07

Sheet New Meas. without Drift Comp.
A1: Tint (ms) | B1: Date | C1: Run | D1: Npoints (before deletion) | E1: Ratio File ? | F1: Runs to delete | G1: Offset comp. ? | H1: Offset | I1: O min | J1: O max | K1: Amplitude | L1: A min | M1: A max | N1: Offset Noise | O1: sigma_O min | P1: sigma_O max | Q1: SNR | R1: SNR min | S1: SNR max | T1: Sensitivity (g) | U1: S min (g) | V1: S max (g)
A2: 5
A3: 10 | B3: 44915 | C3: 4 | D3: 302 | E3: ? | F3: 1, 235 | G3: no | H3: 0.375 | I3: 0.3742 | J3: 0.3758 | K3: 0.0561 | L3: 0.0551 | M3: 0.0572 | N3: 0.0017 | O3: 0.00077 | P3: 0.0027 | Q3: 32.2 | R3: 20.3143 | S3: 73.8 | T3: =1/(Constants!$B$2*Constants!$B$4*(('New Meas. without Drift Comp.'!A3/1000)^2)*'New Meas. without Drift Comp.'!Q3) -> 1.9656591e-06 | U3: =1/(Constants!$B$2*Constants!$B$4*(('New Meas. without Drift Comp.'!A3/1000)^2)*'New Meas. without Drift Comp.'!S3) -> 8.5764528e-07 | V3: =1/(Constants!$B$2*Constants!$B$4*(('New Meas. without Drift Comp.'!A3/1000)^2)*'New Meas. without Drift Comp.'!R3) -> 3.1157471e-06
A4: 15 | T4: =1/(Constants!$B$2*Constants!$B$4*(('New Meas. without Drift Comp.'!A4/1000)^2)*'New Meas. without Drift Comp.'!Q4) -> #DIV/0! | U4: =1/(Constants!$B$2*Constants!$B$4*(('New Meas. without Drift Comp.'!A4/1000)^2)*'New Meas. without Drift Comp.'!S4) -> #DIV/0! | V4: =1/(Constants!$B$2*Constants!$B$4*(('New Meas. without Drift Comp.'!A4/1000)^2)*'New Meas. without Drift Comp.'!R4) -> #DIV/0!
A5: 20 | B5: 44907 | C5: 2 | D5: 308 | E5: ? | F5: 1,32,37,85,86,87,131,134,135,136,158,174,177,178,179,201,233,269,270,305,306,307,308 | G5: no | H5: 0.3895 | I5: 0.3886 | J5: 0.3903 | K5: 0.058 | L5: 0.0568 | M5: 0.0591 | N5: 0.0018 | O5: 0.0012 | P5: 0.0025 | Q5: 31.4 | R5: 23.1 | S5: 48 | T5: =1/(Constants!$B$2*Constants!$B$4*(('New Meas. without Drift Comp.'!A5/1000)^2)*'New Meas. without Drift Comp.'!Q5) -> 5.0393489e-07 | U5: =1/(Constants!$B$2*Constants!$B$4*(('New Meas. without Drift Comp.'!A5/1000)^2)*'New Meas. without Drift Comp.'!S5) -> 3.296574e-07 | V5: =1/(Constants!$B$2*Constants!$B$4*(('New Meas. without Drift Comp.'!A5/1000)^2)*'New Meas. without Drift Comp.'!R5) -> 6.850024e-07
A6: 25 | T6: =1/(Constants!$B$2*Constants!$B$4*(('New Meas. without Drift Comp.'!A6/1000)^2)*'New Meas. without Drift Comp.'!Q6) -> #DIV/0! | U6: =1/(Constants!$B$2*Constants!$B$4*(('New Meas. without Drift Comp.'!A6/1000)^2)*'New Meas. without Drift Comp.'!S6) -> #DIV/0! | V6: =1/(Constants!$B$2*Constants!$B$4*(('New Meas. without Drift Comp.'!A6/1000)^2)*'New Meas. without Drift Comp.'!R6) -> #DIV/0!
A7: 30 | B7: 44908 | C7: 1 | D7: 299 | E7: ? | F7: 1, 199-299 | G7: no | H7: 0.4166 | I7: 0.4154 | J7: 0.4178 | K7: 0.0505 | L7: 0.0495 | M7: 0.0514 | N7: 0.002 | O7: 0.0011 | P7: 0.0029 | Q7: 25.3636 | R7: 17.1 | S7: 47.4 | T7: =1/(Constants!$B$2*Constants!$B$4*(('New Meas. without Drift Comp.'!A7/1000)^2)*'New Meas. without Drift Comp.'!Q7) -> 2.7727496e-07 | U7: =1/(Constants!$B$2*Constants!$B$4*(('New Meas. without Drift Comp.'!A7/1000)^2)*'New Meas. without Drift Comp.'!S7) -> 1.4836901e-07 | V7: =1/(Constants!$B$2*Constants!$B$4*(('New Meas. without Drift Comp.'!A7/1000)^2)*'New Meas. without Drift Comp.'!R7) -> 4.112685e-07
A8: 35 | T8: =1/(Constants!$B$2*Constants!$B$4*(('New Meas. without Drift Comp.'!A8/1000)^2)*'New Meas. without Drift Comp.'!Q8) -> #DIV/0! | U8: =1/(Constants!$B$2*Constants!$B$4*(('New Meas. without Drift Comp.'!A8/1000)^2)*'New Meas. without Drift Comp.'!S8) -> #DIV/0! | V8: =1/(Constants!$B$2*Constants!$B$4*(('New Meas. without Drift Comp.'!A8/1000)^2)*'New Meas. without Drift Comp.'!R8) -> #DIV/0!
A9: 40 | B9: 44908 | C9: 2 | D9: 300 | E9: ? | F9: 1,98, 240,298 | G9: no | H9: 0.4184 | I9: 0.417 | J9: 0.4198 | K9: 0.0387 | L9: 0.0373 | M9: 0.0401 | N9: 0.0041 | O9: 0.0027 | P9: 0.0054 | Q9: 9.5333 | R9: 6.9 | S9: 14.8 | T9: =1/(Constants!$B$2*Constants!$B$4*(('New Meas. without Drift Comp.'!A9/1000)^2)*'New Meas. without Drift Comp.'!Q9) -> 4.1495483e-07 | U9: =1/(Constants!$B$2*Constants!$B$4*(('New Meas. without Drift Comp.'!A9/1000)^2)*'New Meas. without Drift Comp.'!S9) -> 2.6728979e-07 | V9: =1/(Constants!$B$2*Constants!$B$4*(('New Meas. without Drift Comp.'!A9/1000)^2)*'New Meas. without Drift Comp.'!R9) -> 5.7331722e-07
A10: 45 | T10: =1/(Constants!$B$2*Constants!$B$4*(('New Meas. without Drift Comp.'!A10/1000)^2)*'New Meas. without Drift Comp.'!Q10) -> #DIV/0! | U10: =1/(Constants!$B$2*Constants!$B$4*(('New Meas. without Drift Comp.'!A10/1000)^2)*'New Meas. without Drift Comp.'!S10) -> #DIV/0! | V10: =1/(Constants!$B$2*Constants!$B$4*(('New Meas. without Drift Comp.'!A10/1000)^2)*'New Meas. without Drift Comp.'!R10) -> #DIV/0!
A11: 50 | B11: 44909 | C11: 1 | D11: 319 | E11: ? | F11: 1 | G11: no | H11: 0.4191 | I11: 0.418 | J11: 0.4201 | K11: 0.0413 | L11: 0.0394 | M11: 0.0422 | N11: 0.003 | O11: 0.0022 | P11: 0.0037 | Q11: 13.9263 | R11: 10.5 | S11: 19.2857 | T11: =1/(Constants!$B$2*Constants!$B$4*(('New Meas. without Drift Comp.'!A11/1000)^2)*'New Meas. without Drift Comp.'!Q11) -> 1.8179767e-07 | U11: =1/(Constants!$B$2*Constants!$B$4*(('New Meas. without Drift Comp.'!A11/1000)^2)*'New Meas. without Drift Comp.'!S11) -> 1.31277e-07 | V11: =1/(Constants!$B$2*Constants!$B$4*(('New Meas. without Drift Comp.'!A11/1000)^2)*'New Meas. without Drift Comp.'!R11) -> 2.4112084e-07
A12: 55 | T12: =1/(Constants!$B$2*Constants!$B$4*(('New Meas. without Drift Comp.'!A12/1000)^2)*'New Meas. without Drift Comp.'!Q12) -> #DIV/0! | U12: =1/(Constants!$B$2*Constants!$B$4*(('New Meas. without Drift Comp.'!A12/1000)^2)*'New Meas. without Drift Comp.'!S12) -> #DIV/0! | V12: =1/(Constants!$B$2*Constants!$B$4*(('New Meas. without Drift Comp.'!A12/1000)^2)*'New Meas. without Drift Comp.'!R12) -> #DIV/0!
A13: 60 | B13: 44909 | C13: 2 | D13: 379 | E13: ? | F13: 1, 79-91, 293-299 | G13: no | H13: 0.4353 | I13: 0.4341 | J13: 0.4365 | K13: 0.02 | L13: 0.0184 | M13: 0.0217 | N13: 0.0058 | O13: 0.0043 | P13: 0.0069 | Q13: 3.4421 | R13: 2.6471 | S13: 5.0571 | T13: =1/(Constants!$B$2*Constants!$B$4*(('New Meas. without Drift Comp.'!A13/1000)^2)*'New Meas. without Drift Comp.'!Q13) -> 5.1078493e-07 | U13: =1/(Constants!$B$2*Constants!$B$4*(('New Meas. without Drift Comp.'!A13/1000)^2)*'New Meas. without Drift Comp.'!S13) -> 3.4766424e-07 | V13: =1/(Constants!$B$2*Constants!$B$4*(('New Meas. without Drift Comp.'!A13/1000)^2)*'New Meas. without Drift Comp.'!R13) -> 6.6418829e-07
A14: 65 | T14: =1/(Constants!$B$2*Constants!$B$4*(('New Meas. without Drift Comp.'!A14/1000)^2)*'New Meas. without Drift Comp.'!Q14) -> #DIV/0! | U14: =1/(Constants!$B$2*Constants!$B$4*(('New Meas. without Drift Comp.'!A14/1000)^2)*'New Meas. without Drift Comp.'!S14) -> #DIV/0! | V14: =1/(Constants!$B$2*Constants!$B$4*(('New Meas. without Drift Comp.'!A14/1000)^2)*'New Meas. without Drift Comp.'!R14) -> #DIV/0!
A15: 70 | B15: 44910 | C15: 1 | D15: 446 | E15: ? | F15: 1,55, 100, 101, 213-335, 372-378, 394, 395, 435 | G15: no | H15: 0.4431 | I15: 0.4419 | J15: 0.4444 | K15: 0.0508 | L15: 0.0491 | M15: 0.0525 | N15: 0.0032 | O15: 0.0019 | P15: 0.0045 | Q15: 15.7765 | R15: 10.8 | S15: 27.72 | T15: =1/(Constants!$B$2*Constants!$B$4*(('New Meas. without Drift Comp.'!A15/1000)^2)*'New Meas. without Drift Comp.'!Q15) -> 8.1876133e-08 | U15: =1/(Constants!$B$2*Constants!$B$4*(('New Meas. without Drift Comp.'!A15/1000)^2)*'New Meas. without Drift Comp.'!S15) -> 4.6598803e-08 | V15: =1/(Constants!$B$2*Constants!$B$4*(('New Meas. without Drift Comp.'!A15/1000)^2)*'New Meas. without Drift Comp.'!R15) -> 1.1960359e-07
A16: 75 | T16: =1/(Constants!$B$2*Constants!$B$4*(('New Meas. without Drift Comp.'!A16/1000)^2)*'New Meas. without Drift Comp.'!Q16) -> #DIV/0! | U16: =1/(Constants!$B$2*Constants!$B$4*(('New Meas. without Drift Comp.'!A16/1000)^2)*'New Meas. without Drift Comp.'!S16) -> #DIV/0! | V16: =1/(Constants!$B$2*Constants!$B$4*(('New Meas. without Drift Comp.'!A16/1000)^2)*'New Meas. without Drift Comp.'!R16) -> #DIV/0!
A17: 80 | B17: 44910 | C17: 2 | D17: 569 | E17: ? | F17: 1-276, 344-346, 370-372, 409, 410, 412, 428, 567 | G17: no | H17: 0.4427 | I17: 0.4418 | J17: 0.4436 | K17: 0.0178 | L17: 0.0168 | M17: 0.0187 | N17: 0.0027 | O17: 0.0016 | P17: 0.0036 | Q17: 6.4703 | R17: 4.725 | S17: 11.4545 | T17: =1/(Constants!$B$2*Constants!$B$4*(('New Meas. without Drift Comp.'!A17/1000)^2)*'New Meas. without Drift Comp.'!Q17) -> 1.5284797e-07 | U17: =1/(Constants!$B$2*Constants!$B$4*(('New Meas. without Drift Comp.'!A17/1000)^2)*'New Meas. without Drift Comp.'!S17) -> 8.6339187e-08 | V17: =1/(Constants!$B$2*Constants!$B$4*(('New Meas. without Drift Comp.'!A17/1000)^2)*'New Meas. without Drift Comp.'!R17) -> 2.0930629e-07
A18: 85 | T18: =1/(Constants!$B$2*Constants!$B$4*(('New Meas. without Drift Comp.'!A18/1000)^2)*'New Meas. without Drift Comp.'!Q18) -> #DIV/0! | U18: =1/(Constants!$B$2*Constants!$B$4*(('New Meas. without Drift Comp.'!A18/1000)^2)*'New Meas. without Drift Comp.'!S18) -> #DIV/0! | V18: =1/(Constants!$B$2*Constants!$B$4*(('New Meas. without Drift Comp.'!A18/1000)^2)*'New Meas. without Drift Comp.'!R18) -> #DIV/0!
A19: 90 | B19: 44910 | C19: 3 | D19: 563 | E19: ? | F19: 1, 3, 4, 92-205, 403-563 | G19: no | H19: 0.4516 | I19: 0.4503 | J19: 0.4529 | K19: 0.0335 | L19: 0.0323 | M19: 0.0358 | N19: 0.0043 | O19: 0.0022 | P19: 0.0058 | Q19: 7.8387 | R19: 5.5714 | S19: 16.2 | T19: =1/(Constants!$B$2*Constants!$B$4*(('New Meas. without Drift Comp.'!A19/1000)^2)*'New Meas. without Drift Comp.'!Q19) -> 9.9686191e-08 | U19: =1/(Constants!$B$2*Constants!$B$4*(('New Meas. without Drift Comp.'!A19/1000)^2)*'New Meas. without Drift Comp.'!S19) -> 4.8235194e-08 | V19: =1/(Constants!$B$2*Constants!$B$4*(('New Meas. without Drift Comp.'!A19/1000)^2)*'New Meas. without Drift Comp.'!R19) -> 1.4025382e-07
A20: 95 | T20: =1/(Constants!$B$2*Constants!$B$4*(('New Meas. without Drift Comp.'!A20/1000)^2)*'New Meas. without Drift Comp.'!Q20) -> #DIV/0! | U20: =1/(Constants!$B$2*Constants!$B$4*(('New Meas. without Drift Comp.'!A20/1000)^2)*'New Meas. without Drift Comp.'!S20) -> #DIV/0! | V20: =1/(Constants!$B$2*Constants!$B$4*(('New Meas. without Drift Comp.'!A20/1000)^2)*'New Meas. without Drift Comp.'!R20) -> #DIV/0!
A21: 100 | B21: 44910 | C21: 4 | D21: 444 | E21: ? | F21: 1, 162-166, 185-242, 340-397 | G21: no | H21: 0.4733 | I21: 0.4723 | J21: 0.4744 | K21: 0.0268 | L21: 0.0253 | M21: 0.0282 | N21: 0.0037 | O21: 0.0025 | P21: 0.005 | Q21: 7.1455 | R21: 5.0727 | S21: 11.2909 | T21: =1/(Constants!$B$2*Constants!$B$4*(('New Meas. without Drift Comp.'!A21/1000)^2)*'New Meas. without Drift Comp.'!Q21) -> 8.8579136e-08 | U21: =1/(Constants!$B$2*Constants!$B$4*(('New Meas. without Drift Comp.'!A21/1000)^2)*'New Meas. without Drift Comp.'!S21) -> 5.6057729e-08 | V21: =1/(Constants!$B$2*Constants!$B$4*(('New Meas. without Drift Comp.'!A21/1000)^2)*'New Meas. without Drift Comp.'!R21) -> 1.2477423e-07
A22: 105 | B22: 44914 | C22: 1 | D22: 301 | E22: ? | F22: 1, 170, 199 | G22: no | H22: 0.4521 | I22: 0.4505 | J22: 0.4536 | K22: 0.0261 | L22: 0.024 | M22: 0.0282 | N22: 0.0064 | O22: 0.005 | P22: 0.0078 | Q22: 4.0776 | R22: 3.06 | S22: 5.6842 | T22: =1/(Constants!$B$2*Constants!$B$4*(('New Meas. without Drift Comp.'!A22/1000)^2)*'New Meas. without Drift Comp.'!Q22) -> 1.4079293e-07 | U22: =1/(Constants!$B$2*Constants!$B$4*(('New Meas. without Drift Comp.'!A22/1000)^2)*'New Meas. without Drift Comp.'!S22) -> 1.0099878e-07 | V22: =1/(Constants!$B$2*Constants!$B$4*(('New Meas. without Drift Comp.'!A22/1000)^2)*'New Meas. without Drift Comp.'!R22) -> 1.8761348e-07
A23: 110 | B23: 44911 | C23: 1 | D23: 302 | E23: ? | F23: 1, 259, 260 | G23: no | H23: 0.4781 | I23: 0.4766 | J23: 0.4797 | K23: 0.0183 | L23: 0.0158 | M23: 0.0208 | N23: 0.0076 | O23: 0.0058 | P23: 0.0094 | Q23: 2.4085 | R23: 1.6773 | S23: 3.6 | T23: =1/(Constants!$B$2*Constants!$B$4*(('New Meas. without Drift Comp.'!A23/1000)^2)*'New Meas. without Drift Comp.'!Q23) -> 2.1718611e-07 | U23: =1/(Constants!$B$2*Constants!$B$4*(('New Meas. without Drift Comp.'!A23/1000)^2)*'New Meas. without Drift Comp.'!S23) -> 1.4530354e-07 | V23: =1/(Constants!$B$2*Constants!$B$4*(('New Meas. without Drift Comp.'!A23/1000)^2)*'New Meas. without Drift Comp.'!R23) -> 3.1186594e-07
A24: 115 | B24: 44915 | C24: 2 | D24: 352 | E24: ? | F24: 1, 187-196, 347-350 | G24: no | H24: 0.458 | I24: 0.4571 | J24: 0.459 | K24: 0.0088 | L24: 0.0026 | M24: 0.0151 | N24: 0.0057 | O24: 0.0031 | P24: 0.0082 | Q24: 1.5517 | R24: 0.3143 | S24: 4.8 | T24: =1/(Constants!$B$2*Constants!$B$4*(('New Meas. without Drift Comp.'!A24/1000)^2)*'New Meas. without Drift Comp.'!Q24) -> 3.0843285e-07 | U24: =1/(Constants!$B$2*Constants!$B$4*(('New Meas. without Drift Comp.'!A24/1000)^2)*'New Meas. without Drift Comp.'!S24) -> 9.9707343e-08 | V24: =1/(Constants!$B$2*Constants!$B$4*(('New Meas. without Drift Comp.'!A24/1000)^2)*'New Meas. without Drift Comp.'!R24) -> 1.5227338e-06
A25: 120 | B25: 44914 | C25: 3 | D25: 155 | E25: ? | F25: 1, 153-155 | G25: no | H25: 0.451 | I25: 0.4503 | J25: 0.4518 | K25: 0.0066 | L25: 0.0055 | M25: 0.0076 | N25: 0.0023 | O25: 0.0015 | P25: 0.0032 | Q25: 2.8 | R25: 1.7561 | S25: 4.95 | T25: =1/(Constants!$B$2*Constants!$B$4*(('New Meas. without Drift Comp.'!A25/1000)^2)*'New Meas. without Drift Comp.'!Q25) -> 1.5697972e-07 | U25: =1/(Constants!$B$2*Constants!$B$4*(('New Meas. without Drift Comp.'!A25/1000)^2)*'New Meas. without Drift Comp.'!S25) -> 8.8796607e-08 | V25: =1/(Constants!$B$2*Constants!$B$4*(('New Meas. without Drift Comp.'!A25/1000)^2)*'New Meas. without Drift Comp.'!R25) -> 2.5029509e-07
A26: 125 | B26: 44915 | C26: 1 | D26: 338 | E26: ? | F26: 1 | G26: no | H26: 0.4574 | I26: 0.4563 | J26: 0.4585 | K26: 0.0140 | L26: 0.0125 | M26: 0.0155 | N26: 0.0052 | O26: 0.0038 | P26: 0.0064 | Q26: 2.687 | R26: 1.9714 | S26: 4.104 | T26: =1/(Constants!$B$2*Constants!$B$4*(('New Meas. without Drift Comp.'!A26/1000)^2)*'New Meas. without Drift Comp.'!Q26) -> 1.5075661e-07 | U26: =1/(Constants!$B$2*Constants!$B$4*(('New Meas. without Drift Comp.'!A26/1000)^2)*'New Meas. without Drift Comp.'!S26) -> 9.8704439e-08 | V26: =1/(Constants!$B$2*Constants!$B$4*(('New Meas. without Drift Comp.'!A26/1000)^2)*'New Meas. without Drift Comp.'!R26) -> 2.0547987e-07
A27: 130 | B27: 44915 | C27: 3 | D27: 387 | E27: ? | F27: 1, 41-69, 139-142, 198-210, 380-387 | G27: no | H27: 0.4633 | I27: 0.4623 | J27: 0.4643 | K27: 0.0101 | L27: 0.0086 | M27: 0.0117 | N27: 0.005 | O27: 0.0035 | P27: 0.0061 | Q27: 2.0466 | R27: 1.4 | S27: 3.3231 | T27: =1/(Constants!$B$2*Constants!$B$4*(('New Meas. without Drift Comp.'!A27/1000)^2)*'New Meas. without Drift Comp.'!Q27) -> 1.8299718e-07 | U27: =1/(Constants!$B$2*Constants!$B$4*(('New Meas. without Drift Comp.'!A27/1000)^2)*'New Meas. without Drift Comp.'!S27) -> 1.127026e-07 | V27: =1/(Constants!$B$2*Constants!$B$4*(('New Meas. without Drift Comp.'!A27/1000)^2)*'New Meas. without Drift Comp.'!R27) -> 2.6751573e-07
A28: 135 | B28: 44915 | C28: 5 | D28: 318 | E28: ? | F28: 1, 96, 97, 230, 274-318 | G28: no | H28: 0.4783 | I28: 0.4776 | J28: 0.4788 | K28: 0.0064 | L28: 0.0053 | M28: 0.0075 | N28: 0.003 | O28: 0.002 | P28: 0.0038 | Q28: 2.1452 | R28: 1.4087 | S28: 3.672 | T28: =1/(Constants!$B$2*Constants!$B$4*(('New Meas. without Drift Comp.'!A28/1000)^2)*'New Meas. without Drift Comp.'!Q28) -> 1.6189325e-07 | U28: =1/(Constants!$B$2*Constants!$B$4*(('New Meas. without Drift Comp.'!A28/1000)^2)*'New Meas. without Drift Comp.'!S28) -> 9.4578812e-08 | V28: =1/(Constants!$B$2*Constants!$B$4*(('New Meas. without Drift Comp.'!A28/1000)^2)*'New Meas. without Drift Comp.'!R28) -> 2.4653468e-07
A29: 140 | B29: 44915 | C29: 6 | D29: 347 | E29: ? | F29: 1 | G29: no | H29: 0.4448 | I29: 0.4441 | J29: 0.4454 | K29: 0.0072 | L29: 0.0059 | M29: 0.0084 | N29: 0.0036 | O29: 0.0027 | P29: 0.0045 | Q29: 2.0149 | R29: 1.3286 | S29: 3.168 | T29: =1/(Constants!$B$2*Constants!$B$4*(('New Meas. without Drift Comp.'!A29/1000)^2)*'New Meas. without Drift Comp.'!Q29) -> 1.6027083e-07 | U29: =1/(Constants!$B$2*Constants!$B$4*(('New Meas. without Drift Comp.'!A29/1000)^2)*'New Meas. without Drift Comp.'!S29) -> 1.0193488e-07 | V29: =1/(Constants!$B$2*Constants!$B$4*(('New Meas. without Drift Comp.'!A29/1000)^2)*'New Meas. without Drift Comp.'!R29) -> 2.4306014e-07
A31: 150 | B31: 44916 | C31: 2 | D31: 302 | E31: ? | F31: 1, 73, 131, 301, 302 | G31: no | H31: 0.4759 | I31: 0.474 | J31: 0.4778 | K31: 0.02 | L31: 0.0165 | M31: 0.0234 | N31: 0.0096 | O31: 0.0069 | P31: 0.0122 | Q31: 2.088 | R31: 1.35 | S31: 3.4 | T31: =1/(Constants!$B$2*Constants!$B$4*(('New Meas. without Drift Comp.'!A31/1000)^2)*'New Meas. without Drift Comp.'!Q31) -> 1.3472589e-07 | U31: =1/(Constants!$B$2*Constants!$B$4*(('New Meas. without Drift Comp.'!A31/1000)^2)*'New Meas. without Drift Comp.'!S31) -> 8.2737545e-08 | V31: =1/(Constants!$B$2*Constants!$B$4*(('New Meas. without Drift Comp.'!A31/1000)^2)*'New Meas. without Drift Comp.'!R31) -> 2.0837604e-07

Sheet New Meas. with Drift Comp.
A1: Tint (ms) | B1: Date | C1: Run | D1: Npoints (before deletion) | E1: Ratio File ? | F1: Runs to delete | G1: Offset compensation ? | H1: Offset | I1: O min | J1: O max | K1: Amplitude | L1: A min | M1: A max | N1: Offset Noise | O1: sigma_O min | P1: sigma_O max | Q1: SNR | R1: SNR min | S1: SNR max | T1: Sensitivity (g) | U1: S min (g) | V1: S max (g) | W1: Sigma_O /A
A2: 5
A3: 10 | B3: 44915 | C3: 4 | D3: 302 | E3: ? | F3: 1, 235 | G3: yes | H3: 0.3751 | I3: 0.3743 | J3: 0.3759 | K3: 0.0556 | L3: 0.0546 | M3: 0.0567 | N3: 0.0013 | O3: 0.00038 | P3: 0.0023 | Q3: 41.4 | R3: 23.7 | S3: 147.6 | T3: =1/(Constants!$B$2*Constants!$B$4*(('New Meas. with Drift Comp.'!A3/1000)^2)*'New Meas. with Drift Comp.'!Q3) -> 1.5288459e-06 | U3: =1/(Constants!$B$2*Constants!$B$4*(('New Meas. with Drift Comp.'!A3/1000)^2)*'New Meas. with Drift Comp.'!S3) -> 4.2882264e-07 | V3: =1/(Constants!$B$2*Constants!$B$4*(('New Meas. with Drift Comp.'!A3/1000)^2)*'New Meas. with Drift Comp.'!R3) -> 2.6706423e-06 | W3: =N3/K3 -> 0.023381295
A4: 15 | T4: =1/(Constants!$B$2*Constants!$B$4*(('New Meas. with Drift Comp.'!A4/1000)^2)*'New Meas. with Drift Comp.'!Q4) -> #DIV/0! | U4: =1/(Constants!$B$2*Constants!$B$4*(('New Meas. with Drift Comp.'!A4/1000)^2)*'New Meas. with Drift Comp.'!S4) -> #DIV/0! | V4: =1/(Constants!$B$2*Constants!$B$4*(('New Meas. with Drift Comp.'!A4/1000)^2)*'New Meas. with Drift Comp.'!R4) -> #DIV/0!
A5: 20 | B5: 44907 | C5: 2 | D5: 308 | E5: ? | F5: 1,32,37,85,86,87,131,134,135,136,158,174,177,178,179,201,233,269,270,305,306,307,308 | G5: yes | H5: 0.3895 | I5: 0.3887 | J5: 0.3903 | K5: 0.0583 | L5: 0.0572 | M5: 0.0595 | N5: 0.0019 | O5: 0.0013 | P5: 0.0025 | Q5: 31 | R5: 22.8 | S5: 47.4 | T5: =1/(Constants!$B$2*Constants!$B$4*(('New Meas. with Drift Comp.'!A5/1000)^2)*'New Meas. with Drift Comp.'!Q5) -> 5.1043727e-07 | U5: =1/(Constants!$B$2*Constants!$B$4*(('New Meas. with Drift Comp.'!A5/1000)^2)*'New Meas. with Drift Comp.'!S5) -> 3.3383028e-07 | V5: =1/(Constants!$B$2*Constants!$B$4*(('New Meas. with Drift Comp.'!A5/1000)^2)*'New Meas. with Drift Comp.'!R5) -> 6.9401559e-07 | W5: =N5/K5 -> 0.032590051
A6: 25 | T6: =1/(Constants!$B$2*Constants!$B$4*(('New Meas. with Drift Comp.'!A6/1000)^2)*'New Meas. with Drift Comp.'!Q6) -> #DIV/0! | U6: =1/(Constants!$B$2*Constants!$B$4*(('New Meas. with Drift Comp.'!A6/1000)^2)*'New Meas. with Drift Comp.'!S6) -> #DIV/0! | V6: =1/(Constants!$B$2*Constants!$B$4*(('New Meas. with Drift Comp.'!A6/1000)^2)*'New Meas. with Drift Comp.'!R6) -> #DIV/0!
A7: 30 | B7: 44908 | C7: 1 | D7: 299 | E7: ? | F7: 1, 199-299 | G7: yes | H7: 0.4164 | I7: 0.4157 | J7: 0.4171 | K7: 0.0501 | L7: 0.0492 | M7: 0.0511 | N7: 0.0012 | O7: 0.00035 | P7: 0.0021 | Q7: 40.8857 | R7: 23.4 | S7: 145.8 | T7: =1/(Constants!$B$2*Constants!$B$4*(('New Meas. with Drift Comp.'!A7/1000)^2)*'New Meas. with Drift Comp.'!Q7) -> 1.7200858e-07 | U7: =1/(Constants!$B$2*Constants!$B$4*(('New Meas. with Drift Comp.'!A7/1000)^2)*'New Meas. with Drift Comp.'!S7) -> 4.8235194e-08 | V7: =1/(Constants!$B$2*Constants!$B$4*(('New Meas. with Drift Comp.'!A7/1000)^2)*'New Meas. with Drift Comp.'!R7) -> 3.0054236e-07 | W7: =N7/K7 -> 0.023952096
A8: 35 | T8: =1/(Constants!$B$2*Constants!$B$4*(('New Meas. with Drift Comp.'!A8/1000)^2)*'New Meas. with Drift Comp.'!Q8) -> #DIV/0! | U8: =1/(Constants!$B$2*Constants!$B$4*(('New Meas. with Drift Comp.'!A8/1000)^2)*'New Meas. with Drift Comp.'!S8) -> #DIV/0! | V8: =1/(Constants!$B$2*Constants!$B$4*(('New Meas. with Drift Comp.'!A8/1000)^2)*'New Meas. with Drift Comp.'!R8) -> #DIV/0!
A9: 40 | B9: 44908 | C9: 2 | D9: 300 | E9: ? | F9: 1,98, 240,298 | G9: yes | H9: 0.4184 | I9: 0.4179 | J9: 0.419 | K9: 0.0382 | L9: 0.0374 | M9: 0.0389 | N9: 0.0012 | O9: 0.00054 | P9: 0.0019 | Q9: 31.4 | R9: 19.8 | S9: 72 | T9: =1/(Constants!$B$2*Constants!$B$4*(('New Meas. with Drift Comp.'!A9/1000)^2)*'New Meas. with Drift Comp.'!Q9) -> 1.2598372e-07 | U9: =1/(Constants!$B$2*Constants!$B$4*(('New Meas. with Drift Comp.'!A9/1000)^2)*'New Meas. with Drift Comp.'!S9) -> 5.4942901e-08 | V9: =1/(Constants!$B$2*Constants!$B$4*(('New Meas. with Drift Comp.'!A9/1000)^2)*'New Meas. with Drift Comp.'!R9) -> 1.9979237e-07 | W9: =N9/K9 -> 0.031413613
A10: 45 | T10: =1/(Constants!$B$2*Constants!$B$4*(('New Meas. with Drift Comp.'!A10/1000)^2)*'New Meas. with Drift Comp.'!Q10) -> #DIV/0! | U10: =1/(Constants!$B$2*Constants!$B$4*(('New Meas. with Drift Comp.'!A10/1000)^2)*'New Meas. with Drift Comp.'!S10) -> #DIV/0! | V10: =1/(Constants!$B$2*Constants!$B$4*(('New Meas. with Drift Comp.'!A10/1000)^2)*'New Meas. with Drift Comp.'!R10) -> #DIV/0!
A11: 50 | B11: 44909 | C11: 1 | D11: 319 | E11: ? | F11: 1 | G11: yes | H11: 0.4188 | I11: 0.4183 | J11: 0.4194 | K11: 0.0407 | L11: 0.0399 | M11: 0.0415 | N11: 0.0013 | O11: 0.00057 | P11: 0.002 | Q11: 31.4 | R11: 19.8 | S11: 72 | T11: =1/(Constants!$B$2*Constants!$B$4*(('New Meas. with Drift Comp.'!A11/1000)^2)*'New Meas. with Drift Comp.'!Q11) -> 8.0629582e-08 | U11: =1/(Constants!$B$2*Constants!$B$4*(('New Meas. with Drift Comp.'!A11/1000)^2)*'New Meas. with Drift Comp.'!S11) -> 3.5163456e-08 | V11: =1/(Constants!$B$2*Constants!$B$4*(('New Meas. with Drift Comp.'!A11/1000)^2)*'New Meas. with Drift Comp.'!R11) -> 1.2786711e-07 | W11: =N11/K11 -> 0.031941032
A12: 55 | T12: =1/(Constants!$B$2*Constants!$B$4*(('New Meas. with Drift Comp.'!A12/1000)^2)*'New Meas. with Drift Comp.'!Q12) -> #DIV/0! | U12: =1/(Constants!$B$2*Constants!$B$4*(('New Meas. with Drift Comp.'!A12/1000)^2)*'New Meas. with Drift Comp.'!S12) -> #DIV/0! | V12: =1/(Constants!$B$2*Constants!$B$4*(('New Meas. with Drift Comp.'!A12/1000)^2)*'New Meas. with Drift Comp.'!R12) -> #DIV/0!
A13: 60 | B13: 44909 | C13: 2 | D13: 379 | E13: ? | F13: 1, 79-91, 293-299 | G13: yes | H13: 0.4359 | I13: 0.4353 | J13: 0.4365 | K13: 0.0197 | L13: 0.0189 | M13: 0.0205 | N13: 0.0025 | O13: 0.0017 | P13: 0.0029 | Q13: 7.8828 | R13: 6.4588 | S13: 11.88 | T13: =1/(Constants!$B$2*Constants!$B$4*(('New Meas. with Drift Comp.'!A13/1000)^2)*'New Meas. with Drift Comp.'!Q13) -> 2.2303913e-07 | U13: =1/(Constants!$B$2*Constants!$B$4*(('New Meas. with Drift Comp.'!A13/1000)^2)*'New Meas. with Drift Comp.'!S13) -> 1.4799435e-07 | V13: =1/(Constants!$B$2*Constants!$B$4*(('New Meas. with Drift Comp.'!A13/1000)^2)*'New Meas. with Drift Comp.'!R13) -> 2.7221354e-07 | W13: =N13/K13 -> 0.12690355
A14: 65 | T14: =1/(Constants!$B$2*Constants!$B$4*(('New Meas. with Drift Comp.'!A14/1000)^2)*'New Meas. with Drift Comp.'!Q14) -> #DIV/0! | U14: =1/(Constants!$B$2*Constants!$B$4*(('New Meas. with Drift Comp.'!A14/1000)^2)*'New Meas. with Drift Comp.'!S14) -> #DIV/0! | V14: =1/(Constants!$B$2*Constants!$B$4*(('New Meas. with Drift Comp.'!A14/1000)^2)*'New Meas. with Drift Comp.'!R14) -> #DIV/0!
A15: 70 | B15: 44910 | C15: 1 | D15: 446 | E15: ? | F15: 1,55, 100, 101, 213-335, 372-378, 394, 395, 435 | G15: yes | H15: 0.4409 | I15: 0.4397 | J15: 0.4422 | K15: 0.0509 | L15: 0.0499 | M15: 0.0519 | N15: 0.0028 | O15: 0.0019 | P15: 0.0037 | Q15: 18.12 | R15: 13.32 | S15: 27.72 | T15: =1/(Constants!$B$2*Constants!$B$4*(('New Meas. with Drift Comp.'!A15/1000)^2)*'New Meas. with Drift Comp.'!Q15) -> 7.128691e-08 | U15: =1/(Constants!$B$2*Constants!$B$4*(('New Meas. with Drift Comp.'!A15/1000)^2)*'New Meas. with Drift Comp.'!S15) -> 4.6598803e-08 | V15: =1/(Constants!$B$2*Constants!$B$4*(('New Meas. with Drift Comp.'!A15/1000)^2)*'New Meas. with Drift Comp.'!R15) -> 9.6975886e-08 | W15: =N15/K15 -> 0.055009823
A16: 75 | T16: =1/(Constants!$B$2*Constants!$B$4*(('New Meas. with Drift Comp.'!A16/1000)^2)*'New Meas. with Drift Comp.'!Q16) -> #DIV/0! | U16: =1/(Constants!$B$2*Constants!$B$4*(('New Meas. with Drift Comp.'!A16/1000)^2)*'New Meas. with Drift Comp.'!S16) -> #DIV/0! | V16: =1/(Constants!$B$2*Constants!$B$4*(('New Meas. with Drift Comp.'!A16/1000)^2)*'New Meas. with Drift Comp.'!R16) -> #DIV/0!
A17: 80 | B17: 44910 | C17: 2 | D17: 569 | E17: ? | F17: 1-276, 344-346, 370-372, 409, 410, 412, 428, 567 | G17: yes | H17: 0.4425 | I17: 0.4416 | J17: 0.4433 | K17: 0.0178 | L17: 0.0166 | M17: 0.019 | N17: 0.0027 | O17: 0.0016 | P17: 0.0036 | Q17: 6.4703 | R17: 4.65 | S17: 11.6182 | T17: =1/(Constants!$B$2*Constants!$B$4*(('New Meas. with Drift Comp.'!A17/1000)^2)*'New Meas. with Drift Comp.'!Q17) -> 1.5284797e-07 | U17: =1/(Constants!$B$2*Constants!$B$4*(('New Meas. with Drift Comp.'!A17/1000)^2)*'New Meas. with Drift Comp.'!S17) -> 8.5122671e-08 | V17: =1/(Constants!$B$2*Constants!$B$4*(('New Meas. with Drift Comp.'!A17/1000)^2)*'New Meas. with Drift Comp.'!R17) -> 2.126822e-07 | W17: =N17/K17 -> 0.15168539
A18: 85 | T18: =1/(Constants!$B$2*Constants!$B$4*(('New Meas. with Drift Comp.'!A18/1000)^2)*'New Meas. with Drift Comp.'!Q18) -> #DIV/0! | U18: =1/(Constants!$B$2*Constants!$B$4*(('New Meas. with Drift Comp.'!A18/1000)^2)*'New Meas. with Drift Comp.'!S18) -> #DIV/0! | V18: =1/(Constants!$B$2*Constants!$B$4*(('New Meas. with Drift Comp.'!A18/1000)^2)*'New Meas. with Drift Comp.'!R18) -> #DIV/0!
A19: 90 | B19: 44910 | C19: 3 | D19: 563 | E19: ? | F19: 1, 3, 4, 92-205, 403-563 | G19: yes | H19: 0.4514 | I19: 0.4505 | J19: 0.4523 | K19: 0.0345 | L19: 0.0333 | M19: 0.0357 | N19: 0.0022 | O19: 0.0013 | P19: 0.0031 | Q19: 15.5647 | R19: 10.65 | S19: 27.36 | T19: =1/(Constants!$B$2*Constants!$B$4*(('New Meas. with Drift Comp.'!A19/1000)^2)*'New Meas. with Drift Comp.'!Q19) -> 5.0203996e-08 | U19: =1/(Constants!$B$2*Constants!$B$4*(('New Meas. with Drift Comp.'!A19/1000)^2)*'New Meas. with Drift Comp.'!S19) -> 2.8560312e-08 | V19: =1/(Constants!$B$2*Constants!$B$4*(('New Meas. with Drift Comp.'!A19/1000)^2)*'New Meas. with Drift Comp.'!R19) -> 7.3371844e-08 | W19: =N19/K19 -> 0.063768116
A20: 95 | T20: =1/(Constants!$B$2*Constants!$B$4*(('New Meas. with Drift Comp.'!A20/1000)^2)*'New Meas. with Drift Comp.'!Q20) -> #DIV/0! | U20: =1/(Constants!$B$2*Constants!$B$4*(('New Meas. with Drift Comp.'!A20/1000)^2)*'New Meas. with Drift Comp.'!S20) -> #DIV/0! | V20: =1/(Constants!$B$2*Constants!$B$4*(('New Meas. with Drift Comp.'!A20/1000)^2)*'New Meas. with Drift Comp.'!R20) -> #DIV/0!
A21: 100 | B21: 44910 | C21: 4 | D21: 444 | E21: ? | F21: 1, 162-166, 185-242, 340-397 | G21: yes | H21: 0.4732 | I21: 0.4722 | J21: 0.4742 | K21: 0.0271 | L21: 0.0261 | M21: 0.0281 | N21: 0.0025 | O21: 0.0015 | P21: 0.0035 | Q21: 10.8783 | R21: 7.5375 | S21: 18.5143 | T21: =1/(Constants!$B$2*Constants!$B$4*(('New Meas. with Drift Comp.'!A21/1000)^2)*'New Meas. with Drift Comp.'!Q21) -> 5.8183927e-08 | U21: =1/(Constants!$B$2*Constants!$B$4*(('New Meas. with Drift Comp.'!A21/1000)^2)*'New Meas. with Drift Comp.'!S21) -> 3.4186667e-08 | V21: =1/(Constants!$B$2*Constants!$B$4*(('New Meas. with Drift Comp.'!A21/1000)^2)*'New Meas. with Drift Comp.'!R21) -> 8.3972433e-08 | W21: =N21/K21 -> 0.092250923
A22: 105 | B22: 44914 | C22: 1 | D22: 301 | E22: ? | F22: 1, 170, 199 | G22: yes | H22: 0.451 | I22: 0.4496 | J22: 0.4525 | K22: 0.0262 | L22: 0.0247 | M22: 0.0278 | N22: 0.005 | O22: 0.0034 | P22: 0.0061 | Q22: 5.2244 | R22: 4.032 | S22: 8.1 | T22: =1/(Constants!$B$2*Constants!$B$4*(('New Meas. with Drift Comp.'!A22/1000)^2)*'New Meas. with Drift Comp.'!Q22) -> 1.0988769e-07 | U22: =1/(Constants!$B$2*Constants!$B$4*(('New Meas. with Drift Comp.'!A22/1000)^2)*'New Meas. with Drift Comp.'!S22) -> 7.0876203e-08 | V22: =1/(Constants!$B$2*Constants!$B$4*(('New Meas. with Drift Comp.'!A22/1000)^2)*'New Meas. with Drift Comp.'!R22) -> 1.4238523e-07 | W22: =N22/K22 -> 0.19083969
A23: 110 | B23: 44911 | C23: 1 | D23: 302 | E23: ? | F23: 1, 259, 260 | G23: yes | H23: 0.4778 | I23: 0.4767 | J23: 0.479 | K23: 0.017 | L23: 0.0154 | M23: 0.0185 | N23: 0.0053 | O23: 0.0041 | P23: 0.0065 | Q23: 3.1895 | R23: 2.3657 | S23: 4.5 | T23: =1/(Constants!$B$2*Constants!$B$4*(('New Meas. with Drift Comp.'!A23/1000)^2)*'New Meas. with Drift Comp.'!Q23) -> 1.6400462e-07 | U23: =1/(Constants!$B$2*Constants!$B$4*(('New Meas. with Drift Comp.'!A23/1000)^2)*'New Meas. with Drift Comp.'!S23) -> 1.1624283e-07 | V23: =1/(Constants!$B$2*Constants!$B$4*(('New Meas. with Drift Comp.'!A23/1000)^2)*'New Meas. with Drift Comp.'!R23) -> 2.2111542e-07 | W23: =N23/K23 -> 0.31176471
A24: 115 | B24: 44915 | C24: 2 | D24: 352 | E24: ? | F24: 1, 187-196, 347-350 | G24: yes | H24: 0.4581 | I24: 0.4576 | J24: 0.4585 | K24: 0.0075 | L24: 0.0068 | M24: 0.0082 | N24: 0.0025 | O24: 0.002 | P24: 0.0031 | Q24: 2.9803 | R24: 2.2378 | S24: 4.125 | T24: =1/(Constants!$B$2*Constants!$B$4*(('New Meas. with Drift Comp.'!A24/1000)^2)*'New Meas. with Drift Comp.'!Q24) -> 1.6058627e-07 | U24: =1/(Constants!$B$2*Constants!$B$4*(('New Meas. with Drift Comp.'!A24/1000)^2)*'New Meas. with Drift Comp.'!S24) -> 1.1602309e-07 | V24: =1/(Constants!$B$2*Constants!$B$4*(('New Meas. with Drift Comp.'!A24/1000)^2)*'New Meas. with Drift Comp.'!R24) -> 2.1386864e-07 | W24: =N24/K24 -> 0.33333333
A25: 120 | B25: 44914 | C25: 3 | D25: 155 | E25: ? | F25: 1, 153-155 | G25: yes | H25: 0.451 | I25: 0.4503 | J25: 0.4517 | K25: 0.0064 | L25: 0.0053 | M25: 0.0075 | N25: 0.0025 | O25: 0.0014 | P25: 0.0034 | Q25: 2.5826 | R25: 1.5702 | S25: 5.22 | T25: =1/(Constants!$B$2*Constants!$B$4*(('New Meas. with Drift Comp.'!A25/1000)^2)*'New Meas. with Drift Comp.'!Q25) -> 1.7019407e-07 | U25: =1/(Constants!$B$2*Constants!$B$4*(('New Meas. with Drift Comp.'!A25/1000)^2)*'New Meas. with Drift Comp.'!S25) -> 8.4203679e-08 | V25: =1/(Constants!$B$2*Constants!$B$4*(('New Meas. with Drift Comp.'!A25/1000)^2)*'New Meas. with Drift Comp.'!R25) -> 2.7992817e-07 | W25: =N25/K25 -> 0.390625
A26: 125 | B26: 44915 | C26: 1 | D26: 338 | E26: ? | F26: 1 | G26: yes | H26: 0.4561 | I26: 0.4555 | J26: 0.4567 | K26: 0.0071 | L26: 0.0063 | M26: 0.0079 | N26: 0.003 | O26: 0.0022 | P26: 0.0035 | Q26: 2.3902 | R26: 1.8 | S26: 3.5217 | T26: =1/(Constants!$B$2*Constants!$B$4*(('New Meas. with Drift Comp.'!A26/1000)^2)*'New Meas. with Drift Comp.'!Q26) -> 1.6947662e-07 | U26: =1/(Constants!$B$2*Constants!$B$4*(('New Meas. with Drift Comp.'!A26/1000)^2)*'New Meas. with Drift Comp.'!S26) -> 1.1502485e-07 | V26: =1/(Constants!$B$2*Constants!$B$4*(('New Meas. with Drift Comp.'!A26/1000)^2)*'New Meas. with Drift Comp.'!R26) -> 2.2504612e-07 | W26: =N26/K26 -> 0.42253521
A27: 130 | B27: 44915 | C27: 3 | D27: 387 | E27: ? | F27: 1, 41-69, 139-142, 198-210, 380-387 | G27: yes | H27: 0.463 | I27: 0.4625 | J27: 0.4635 | K27: 0.0054 | L27: 0.0046 | M27: 0.0063 | N27: 0.0026 | O27: 0.002 | P27: 0.0032 | Q27: 2.1042 | R27: 1.4318 | S27: 3.2 | T27: =1/(Constants!$B$2*Constants!$B$4*(('New Meas. with Drift Comp.'!A27/1000)^2)*'New Meas. with Drift Comp.'!Q27) -> 1.7798784e-07 | U27: =1/(Constants!$B$2*Constants!$B$4*(('New Meas. with Drift Comp.'!A27/1000)^2)*'New Meas. with Drift Comp.'!S27) -> 1.1703813e-07 | V27: =1/(Constants!$B$2*Constants!$B$4*(('New Meas. with Drift Comp.'!A27/1000)^2)*'New Meas. with Drift Comp.'!R27) -> 2.6157426e-07 | W27: =N27/K27 -> 0.48148148
A28: 135 | B28: 44915 | C28: 5 | D28: 318 | E28: ? | F28: 1, 96, 97, 230, 274-318 | G28: yes | H28: 0.4784 | I28: 0.478 | J28: 0.4787 | K28: 0.0028 | L28: 0.0004 | M28: 0.0051 | N28: 0.0019 | O28: 0.0009 | P28: 0.0027 | Q28: 1.4889 | R28: 0.1525 | S28: 5.58 | T28: =1/(Constants!$B$2*Constants!$B$4*(('New Meas. with Drift Comp.'!A28/1000)^2)*'New Meas. with Drift Comp.'!Q28) -> 2.3325502e-07 | U28: =1/(Constants!$B$2*Constants!$B$4*(('New Meas. with Drift Comp.'!A28/1000)^2)*'New Meas. with Drift Comp.'!S28) -> 6.223896e-08 | V28: =1/(Constants!$B$2*Constants!$B$4*(('New Meas. with Drift Comp.'!A28/1000)^2)*'New Meas. with Drift Comp.'!R28) -> 2.2773337e-06 | W28: =N28/K28 -> 0.67857143
A29: 140 | B29: 44915 | C29: 6 | D29: 347 | E29: ? | F29: 1 | G29: yes | H29: 0.4449 | I29: 0.4443 | J29: 0.4455 | K29: 0.0065 | L29: 0.0058 | M29: 0.0073 | N29: 0.0025 | O29: 0.002 | P29: 0.0031 | Q29: 2.5754 | R29: 1.845 | S29: 3.744 | T29: =1/(Constants!$B$2*Constants!$B$4*(('New Meas. with Drift Comp.'!A29/1000)^2)*'New Meas. with Drift Comp.'!Q29) -> 1.2539011e-07 | U29: =1/(Constants!$B$2*Constants!$B$4*(('New Meas. with Drift Comp.'!A29/1000)^2)*'New Meas. with Drift Comp.'!S29) -> 8.6252591e-08 | V29: =1/(Constants!$B$2*Constants!$B$4*(('New Meas. with Drift Comp.'!A29/1000)^2)*'New Meas. with Drift Comp.'!R29) -> 1.7502965e-07 | W29: =N29/K29 -> 0.38461538
A31: 150 | B31: 44916 | C31: 2 | D31: 302 | E31: ? | F31: 1, 73, 131, 301, 302 | G31: yes | H31: 0.4753 | I31: 0.4743 | J31: 0.4763 | K31: 0.0115 | L31: 0.0102 | M31: 0.0129 | N31: 0.0041 | O31: 0.003 | P31: 0.005 | Q31: 2.8033 | R31: 2.0432 | S31: 4.3364 | T31: =1/(Constants!$B$2*Constants!$B$4*(('New Meas. with Drift Comp.'!A31/1000)^2)*'New Meas. with Drift Comp.'!Q31) -> 1.0034875e-07 | U31: =1/(Constants!$B$2*Constants!$B$4*(('New Meas. with Drift Comp.'!A31/1000)^2)*'New Meas. with Drift Comp.'!S31) -> 6.4871241e-08 | V31: =1/(Constants!$B$2*Constants!$B$4*(('New Meas. with Drift Comp.'!A31/1000)^2)*'New Meas. with Drift Comp.'!R31) -> 1.3767994e-07 | W31: =N31/K31 -> 0.35652174

Sheet Constants
A1: Symbol | B1: Value | C1: Unit
A2: g | B2: 9.80665 | C2: m/s^2
A3: lambda | B3: 7.8e-07 | C3: m
A4: k_eff | B4: =4*PI()/B3 -> 16110732 | C4: rad/m
